agent_id,agent_type,from_node_id,to_node_id,departure_time_start,departure_time_window,arrival_time_start,arrival_time_window,capacity,base_profit,VOIVTT_per_hour,VOWT_per_hour
1,0,3107,1364,80,1,92,60,1,50,,
2,0,11244,15604,80,1,82,60,1,50,,
3,0,2951,43750,80,1,84,60,1,50,,
4,0,11244,1191,80,1,86,60,1,50,,
5,0,1158,15634,80,1,92,60,1,50,,
6,0,49617,1157,80,1,86,60,1,50,,
7,0,1180,10351,80,1,83,60,1,50,,
8,0,1189,1180,80,1,91,60,1,50,,
9,0,49617,2901,80,1,89,60,1,50,,
10,0,44144,1209,80,1,88,60,1,50,,
11,0,1178,11077,80,1,86,60,1,50,,
12,0,1186,10783,80,1,82,60,1,50,,
13,0,1178,12724,80,1,85,60,1,50,,
14,0,1313,1181,80,1,90,60,1,50,,
15,0,1166,2958,80,1,87,60,1,50,,
16,0,11244,11458,80,1,84,60,1,50,,
17,0,1166,2731,80,1,87,60,1,50,,
18,0,1364,1194,80,1,92,60,1,50,,
19,0,1175,13499,80,1,85,60,1,50,,
20,0,1190,1187,80,1,87,60,1,50,,
21,0,44165,2723,80,1,90,60,1,50,,
22,0,11244,43261,80,1,91,60,1,50,,
23,0,44165,1179,80,1,88,60,1,50,,
24,0,2949,43750,80,1,83,60,1,50,,
25,0,2955,12724,80,1,89,60,1,50,,
26,0,43748,1885,80,1,92,60,1,50,,
27,0,1175,2901,80,1,92,60,1,50,,
28,0,1196,1880,80,1,92,60,1,50,,
29,0,11244,1200,80,1,93,60,1,50,,
30,0,11401,1213,80,1,92,60,1,50,,
31,0,2947,43748,80,1,84,60,1,50,,
32,0,2904,2947,80,1,86,60,1,50,,
33,0,10560,9776,80,1,91,60,1,50,,
34,0,1841,1176,80,1,91,60,1,50,,
35,0,1841,38954,80,1,83,60,1,50,,
36,0,1205,43748,80,1,82,60,1,50,,
37,0,43125,2905,80,1,87,60,1,50,,
38,0,1880,2899,80,1,90,60,1,50,,
39,0,2945,2905,80,1,92,60,1,50,,
40,0,1214,11244,80,1,88,60,1,50,,
41,0,2905,1149,80,1,95,60,1,50,,
42,0,1182,10351,80,1,83,60,1,50,,
43,0,10560,43261,80,1,90,60,1,50,,
44,0,1159,44169,80,1,85,60,1,50,,
45,0,1201,43125,80,1,85,60,1,50,,
46,0,1191,10360,80,1,90,60,1,50,,
47,0,1221,11390,80,1,93,60,1,50,,
48,0,2723,9776,80,1,91,60,1,50,,
49,0,8866,2954,80,1,99,60,1,50,,
50,0,2947,11077,80,1,91,60,1,50,,
51,0,1158,46623,80,1,92,60,1,50,,
52,0,11244,11466,80,1,89,60,1,50,,
53,0,1179,1171,80,1,96,60,1,50,,
54,0,1213,2955,80,1,100,60,1,50,,
55,0,1218,1217,80,1,92,60,1,50,,
56,0,1365,13594,80,1,88,60,1,50,,
57,0,2955,18246,80,1,94,60,1,50,,
58,0,1364,13594,80,1,90,60,1,50,,
59,0,2955,3107,80,1,97,60,1,50,,
60,0,1885,10783,80,1,91,60,1,50,,
61,1,31149,31149,1,10,500,10,2,,60,0
62,1,44497,44497,1,10,500,10,2,,60,0
63,1,2901,2901,1,10,500,10,2,,60,0
64,1,1871,1871,1,10,500,10,2,,60,0
65,1,15087,15087,1,10,500,10,2,,60,0
66,1,46632,46632,1,10,500,10,2,,60,0
67,1,15360,15360,1,10,500,10,2,,60,0
68,1,47601,47601,1,10,500,10,2,,60,0
69,1,43117,43117,1,10,500,10,2,,60,0
70,1,9930,9930,1,10,500,10,2,,60,0
71,1,15676,15676,1,10,500,10,2,,60,0
72,1,15101,15101,1,10,500,10,2,,60,0
73,1,11255,11255,1,10,500,10,2,,60,0
74,1,47612,47612,1,10,500,10,2,,60,0
75,1,1162,1162,1,10,500,10,2,,60,0
76,1,45162,45162,1,10,500,10,2,,60,0
77,1,47691,47691,1,10,500,10,2,,60,0
78,1,15365,15365,1,10,500,10,2,,60,0
79,1,10612,10612,1,10,500,10,2,,60,0
80,1,44496,44496,1,10,500,10,2,,60,0
81,1,45046,45046,1,10,500,10,2,,60,0
82,1,47686,47686,1,10,500,10,2,,60,0
83,1,1163,1163,1,10,500,10,2,,60,0
84,1,12665,12665,1,10,500,10,2,,60,0
85,1,46905,46905,1,10,500,10,2,,60,0
86,1,15626,15626,1,10,500,10,2,,60,0
87,1,12239,12239,1,10,500,10,2,,60,0
88,1,1632,1632,1,10,500,10,2,,60,0
89,1,44513,44513,1,10,500,10,2,,60,0
90,1,9942,9942,1,10,500,10,2,,60,0
91,1,47622,47622,1,10,500,10,2,,60,0
92,1,43245,43245,1,10,500,10,2,,60,0
93,1,1162,1162,1,10,500,10,2,,60,0
94,1,10676,10676,1,10,500,10,2,,60,0
95,1,10393,10393,1,10,500,10,2,,60,0
96,1,47570,47570,1,10,500,10,2,,60,0
97,1,43748,43748,1,10,500,10,2,,60,0
98,1,31122,31122,1,10,500,10,2,,60,0
99,1,2903,2903,1,10,500,10,2,,60,0
100,1,43117,43117,1,10,500,10,2,,60,0
101,1,46635,46635,1,10,500,10,2,,60,0
102,1,43722,43722,1,10,500,10,2,,60,0
103,1,43732,43732,1,10,500,10,2,,60,0
104,1,11104,11104,1,10,500,10,2,,60,0
105,1,11343,11343,1,10,500,10,2,,60,0
106,1,9076,9076,1,10,500,10,2,,60,0
107,1,43074,43074,1,10,500,10,2,,60,0
108,1,31126,31126,1,10,500,10,2,,60,0
109,1,15086,15086,1,10,500,10,2,,60,0
110,1,43062,43062,1,10,500,10,2,,60,0
111,1,45729,45729,1,10,500,10,2,,60,0
112,1,44514,44514,1,10,500,10,2,,60,0
113,1,47580,47580,1,10,500,10,2,,60,0
114,1,45155,45155,1,10,500,10,2,,60,0
115,1,15623,15623,1,10,500,10,2,,60,0
116,1,15203,15203,1,10,500,10,2,,60,0
117,1,8898,8898,1,10,500,10,2,,60,0
118,1,46269,46269,1,10,500,10,2,,60,0
119,1,46270,46270,1,10,500,10,2,,60,0
120,1,10355,10355,1,10,500,10,2,,60,0
