agent_id,agent_type,from_node_id,to_node_id,departure_time_start,departure_time_window,arrival_time_start,arrival_time_window,capacity,base_profit,VOIVTT_per_hour,VOWT_per_hour,
1,0,1,41,527,120,549,120,9,50
2,0,2,42,143,120,158,120,10,50
3,0,3,43,144,120,176,120,14,50
4,0,4,44,154,120,180,120,11,50
5,0,5,45,203,120,228,120,12,50
6,0,6,46,22,120,27,120,14,50
7,0,7,47,137,120,152,120,6,50
8,0,8,48,411,120,433,120,12,50
9,0,9,49,510,120,524,120,10,50
10,0,10,50,193,120,244,120,12,50
11,0,11,51,325,120,366,120,10,50
12,0,12,52,80,120,120,120,10,50
13,0,13,53,149,120,167,120,11,50
14,0,14,54,272,120,285,120,15,50
15,0,15,55,115,120,115,120,14,50
16,0,16,56,374,120,409,120,8,50
17,0,17,57,89,120,118,120,8,50
18,0,18,58,535,120,565,120,8,50
19,0,19,59,151,120,190,120,14,50
20,0,20,60,560,120,564,120,7,50
21,0,21,61,347,120,362,120,11,50
22,0,22,62,182,120,231,120,15,50
23,0,23,63,545,120,585,120,6,50
24,0,24,64,458,120,479,120,10,50
25,0,25,65,381,120,420,120,7,50
26,0,26,66,203,120,240,120,15,50
27,0,27,67,39,120,78,120,14,50
28,0,28,68,280,120,324,120,5,50
29,0,29,69,184,120,207,120,13,50
30,0,30,70,365,120,389,120,9,50
31,0,31,71,70,120,86,120,7,50
32,0,32,72,33,120,64,120,11,50
33,0,33,73,541,120,578,120,8,50
34,0,34,74,23,120,42,120,11,50
35,0,35,75,33,120,51,120,13,50
36,0,36,76,319,120,349,120,11,50
37,0,37,77,26,120,32,120,5,50
38,0,38,78,531,120,558,120,5,50
39,0,39,79,254,120,283,120,7,50
40,0,40,80,97,120,122,120,8,50
101,1,81,81,1,1000,1,1000,15,,60,0
102,1,81,81,1,1000,1,1000,15,,60,0
103,1,81,81,1,1000,1,1000,15,,60,0
104,1,81,81,1,1000,1,1000,15,,60,0
105,1,81,81,1,1000,1,1000,15,,60,0
106,1,81,81,1,1000,1,1000,15,,60,0
107,1,81,81,1,1000,1,1000,15,,60,0
108,1,81,81,1,1000,1,1000,15,,60,0
109,1,81,81,1,1000,1,1000,15,,60,0
110,1,81,81,1,1000,1,1000,15,,60,0
111,1,81,81,1,1000,1,1000,15,,60,0
112,1,81,81,1,1000,1,1000,15,,60,0
113,1,81,81,1,1000,1,1000,15,,60,0
114,1,81,81,1,1000,1,1000,15,,60,0
115,1,81,81,1,1000,1,1000,15,,60,0
116,1,81,81,1,1000,1,1000,15,,60,0
117,1,81,81,1,1000,1,1000,15,,60,0
118,1,81,81,1,1000,1,1000,15,,60,0
119,1,81,81,1,1000,1,1000,15,,60,0
120,1,81,81,1,1000,1,1000,15,,60,0
121,1,81,81,1,1000,1,1000,15,,60,0
122,1,81,81,1,1000,1,1000,15,,60,0
123,1,81,81,1,1000,1,1000,15,,60,0
124,1,81,81,1,1000,1,1000,15,,60,0
125,1,81,81,1,1000,1,1000,15,,60,0
126,1,81,81,1,1000,1,1000,15,,60,0
127,1,81,81,1,1000,1,1000,15,,60,0
128,1,81,81,1,1000,1,1000,15,,60,0
129,1,81,81,1,1000,1,1000,15,,60,0
130,1,81,81,1,1000,1,1000,15,,60,0
131,1,81,81,1,1000,1,1000,15,,60,0
132,1,81,81,1,1000,1,1000,15,,60,0
133,1,81,81,1,1000,1,1000,15,,60,0
134,1,81,81,1,1000,1,1000,15,,60,0
135,1,81,81,1,1000,1,1000,15,,60,0
136,1,81,81,1,1000,1,1000,15,,60,0
137,1,81,81,1,1000,1,1000,15,,60,0
138,1,81,81,1,1000,1,1000,15,,60,0
139,1,81,81,1,1000,1,1000,15,,60,0
140,1,81,81,1,1000,1,1000,15,,60,0
